Frame station,draught,Displacement,BASE VALUE (SF),DRAFT CORRECT. (CD) SF,TRIM CORRECT. (CT) SF,BASE VALUE (BM),DRAFT CORRECT. (CD) BM,TRIM CORRECT. (CT) BM
299,2,19042,-0.909,0.244,-0.099,-7.968,1.514,-0.59
299,2.5,24140,-0.788,0.245,-0.1,-7.211,1.513,-0.594
299,3,29301,-0.665,0.246,-0.101,-6.455,1.512,-0.598
299,3.5,34515,-0.542,0.247,-0.102,-5.699,1.511,-0.602
299,4,39775,-0.418,0.249,-0.103,-4.944,1.51,-0.606
299,4.5,45075,-0.294,0.25,-0.104,-4.189,1.509,-0.61
299,5,50413,-0.169,0.251,-0.105,-3.435,1.508,-0.614
299,5.5,55787,-0.043,0.253,-0.107,-2.681,1.507,-0.618
299,6,61195,0.083,0.254,-0.108,-1.928,1.506,-0.622
299,6.5,66637,0.21,0.255,-0.109,-1.175,1.505,-0.626
299,7,72109,0.338,0.257,-0.11,-0.423,1.504,-0.63
299,7.5,77610,0.466,0.258,-0.111,0.329,1.503,-0.634
299,8,83141,0.595,0.259,-0.112,1.08,1.502,-0.638
299,8.5,88700,0.724,0.26,-0.113,1.831,1.501,-0.642
299,9,94287,0.855,0.262,-0.115,2.581,1.5,-0.646
299,9.5,99904,0.985,0.263,-0.116,3.331,1.499,-0.65
299,10,105551,1.117,0.264,-0.117,4.08,1.498,-0.654
299,10.5,111229,1.249,0.266,-0.118,4.829,1.497,-0.658
299,11,116939,1.382,0.267,-0.119,5.577,1.496,-0.662
299,11.5,122683,1.515,0.268,-0.12,6.325,1.495,-0.666
299,12,128462,1.65,0.27,-0.122,7.072,1.494,-0.67
299,12.5,134277,1.784,0.271,-0.123,7.819,1.493,-0.674
299,13,140126,1.92,0.272,-0.124,8.565,1.491,-0.678
299,13.5,146002,2.056,0.273,-0.125,9.311,1.491,-0.682
299,14,151911,2.193,0.275,-0.126,10.056,1.49,-0.686
299,14.5,157849,2.33,0.276,-0.127,10.801,1.488,-0.69
299,15,163817,2.468,0.277,-0.128,11.545,1.488,-0.694
299,15.5,169812,2.607,0.279,-0.13,12.289,1.487,-0.698
299,16,175834,2.746,0.28,-0.131,13.032,1.486,-0.702
299,16.5,181880,2.886,0.281,-0.132,13.775,1.485,-0.706
299,17,187948,3.027,0.283,-0.133,14.517,1.484,-0.71
299,17.5,194030,3.168,0.284,-0.134,15.259,1.482,-0.714
299,18,200129,3.31,0.285,-0.135,16,1.482,-0.718
299,18.5,206249,3.452,0.286,-0.136,16.741,1.48,-0.722
299,19,212382,3.596,0.288,-0.138,17.481,1.48,-0.726
299,19.5,218522,3.739,0.289,-0.139,18.221,1.479,-0.73
299,20,224668,3.884,0.29,-0.14,18.96,1.478,-0.734
299,20.5,230825,4.029,0.292,-0.141,19.699,1.477,-0.738
284.5,2,19042,-1.271,0.679,-0.275,-22.418,7.363,-2.966
284.5,2.5,24140,-0.932,0.682,-0.277,-18.736,7.393,-2.994
284.5,3,29301,-0.591,0.685,-0.279,-15.04,7.422,-3.021
284.5,3.5,34515,-0.248,0.688,-0.281,-11.329,7.45,-3.049
284.5,4,39775,0.096,0.692,-0.284,-7.604,7.479,-3.076
284.5,4.5,45075,0.442,0.695,-0.286,-3.864,7.509,-3.104
284.5,5,50413,0.79,0.698,-0.288,-0.11,7.537,-3.131
284.5,5.5,55787,1.138,0.701,-0.291,3.659,7.566,-3.159
284.5,6,61195,1.489,0.704,-0.293,7.442,7.596,-3.186
284.5,6.5,66637,1.841,0.707,-0.295,11.24,7.625,-3.214
284.5,7,72109,2.194,0.71,-0.298,15.052,7.653,-3.241
284.5,7.5,77610,2.549,0.713,-0.3,18.879,7.683,-3.269
284.5,8,83141,2.906,0.716,-0.302,22.72,7.712,-3.296
284.5,8.5,88700,3.264,0.719,-0.304,26.576,7.741,-3.324
284.5,9,94287,3.624,0.723,-0.307,30.446,7.769,-3.351
284.5,9.5,99904,3.985,0.726,-0.309,34.331,7.799,-3.379
284.5,10,105551,4.348,0.729,-0.311,38.23,7.827,-3.406
284.5,10.5,111229,4.712,0.732,-0.314,42.144,7.857,-3.434
284.5,11,116939,5.078,0.735,-0.316,46.072,7.885,-3.461
284.5,11.5,122683,5.446,0.738,-0.318,50.015,7.915,-3.489
284.5,12,128462,5.815,0.741,-0.321,53.972,7.944,-3.516
284.5,12.5,134277,6.185,0.744,-0.323,57.944,7.973,-3.544
284.5,13,140126,6.558,0.747,-0.325,61.93,8.002,-3.571
284.5,13.5,146002,6.931,0.75,-0.327,65.931,8.03,-3.599
284.5,14,151911,7.306,0.754,-0.33,69.946,8.059,-3.626
284.5,14.5,157849,7.683,0.757,-0.332,73.976,8.089,-3.654
284.5,15,163817,8.062,0.76,-0.334,78.02,8.117,-3.681
284.5,15.5,169812,8.441,0.763,-0.337,82.079,8.147,-3.709
284.5,16,175834,8.823,0.766,-0.339,86.152,8.176,-3.736
284.5,16.5,181880,9.206,0.769,-0.341,90.24,8.204,-3.764
284.5,17,187948,9.59,0.772,-0.344,94.342,8.234,-3.791
284.5,17.5,194030,9.976,0.775,-0.346,98.459,8.262,-3.819
284.5,18,200129,10.364,0.778,-0.348,102.59,8.292,-3.846
284.5,18.5,206249,10.753,0.781,-0.35,106.736,8.32,-3.874
284.5,19,212382,11.144,0.785,-0.353,110.896,8.35,-3.901
284.5,19.5,218522,11.536,0.788,-0.355,115.071,8.378,-3.929
284.5,20,224668,11.93,0.791,-0.357,119.26,8.408,-3.956
284.5,20.5,230825,12.325,0.794,-0.36,123.464,8.437,-3.984
270,2,19042,-1.47,1.223,-0.478,-40.972,19.704,-7.871
270,2.5,24140,-0.858,1.227,-0.481,-31.12,19.78,-7.933
270,3,29301,-0.244,1.231,-0.484,-21.23,19.856,-7.995
270,3.5,34515,0.371,1.235,-0.487,-11.302,19.932,-8.057
270,4,39775,0.989,1.239,-0.49,-1.336,20.008,-8.119
270,4.5,45075,1.609,1.243,-0.493,8.668,20.084,-8.181
270,5,50413,2.23,1.247,-0.496,18.71,20.16,-8.243
270,5.5,55787,2.853,1.251,-0.499,28.79,20.236,-8.305
270,6,61195,3.479,1.255,-0.502,38.908,20.312,-8.367
270,6.5,66637,4.106,1.259,-0.504,49.064,20.388,-8.429
270,7,72109,4.735,1.262,-0.507,59.258,20.464,-8.491
270,7.5,77610,5.367,1.266,-0.51,69.49,20.54,-8.553
270,8,83141,6,1.27,-0.513,79.76,20.616,-8.615
270,8.5,88700,6.635,1.274,-0.516,90.068,20.692,-8.677
270,9,94287,7.272,1.278,-0.519,100.414,20.768,-8.739
270,9.5,99904,7.911,1.282,-0.522,110.798,20.844,-8.801
270,10,105551,8.552,1.286,-0.525,121.22,20.92,-8.863
270,10.5,111229,9.195,1.29,-0.528,131.68,20.996,-8.925
270,11,116939,9.84,1.294,-0.531,142.178,21.072,-8.987
270,11.5,122683,10.487,1.298,-0.533,152.714,21.148,-9.049
270,12,128462,11.135,1.301,-0.536,163.288,21.224,-9.111
270,12.5,134277,11.786,1.305,-0.539,173.9,21.3,-9.173
270,13,140126,12.439,1.309,-0.542,184.55,21.376,-9.235
270,13.5,146002,13.093,1.313,-0.545,195.238,21.452,-9.297
270,14,151911,13.75,1.317,-0.548,205.964,21.528,-9.359
270,14.5,157849,14.409,1.321,-0.551,216.728,21.604,-9.421
270,15,163817,15.069,1.325,-0.554,227.53,21.68,-9.483
270,15.5,169812,15.731,1.329,-0.557,238.37,21.756,-9.545
270,16,175834,16.396,1.333,-0.56,249.248,21.832,-9.607
270,16.5,181880,17.062,1.337,-0.562,260.164,21.908,-9.669
270,17,187948,17.73,1.34,-0.565,271.118,21.984,-9.731
270,17.5,194030,18.401,1.344,-0.568,282.11,22.06,-9.793
270,18,200129,19.073,1.348,-0.571,293.14,22.136,-9.855
270,18.5,206249,19.747,1.352,-0.574,304.208,22.212,-9.917
270,19,212382,20.423,1.356,-0.577,315.314,22.288,-9.979
270,19.5,218522,21.101,1.36,-0.58,326.458,22.364,-10.041
270,20,224668,21.781,1.364,-0.583,337.64,22.44,-10.103
270,20.5,230825,22.463,1.368,-0.586,348.86,22.516,-10.165
255.5,2,19042,-1.605,1.813,-0.676,-60.666,39.492,-15.418
255.5,2.5,24140,-0.698,1.817,-0.679,-40.92,39.622,-15.519
255.5,3,29301,0.211,1.822,-0.682,-21.109,39.752,-15.62
255.5,3.5,34515,1.121,1.826,-0.685,-1.233,39.882,-15.721
255.5,4,39775,2.034,1.83,-0.688,18.708,40.012,-15.822
255.5,4.5,45075,2.949,1.834,-0.691,38.714,40.142,-15.923
255.5,5,50413,3.867,1.839,-0.695,58.785,40.272,-16.024
255.5,5.5,55787,4.786,1.843,-0.698,78.921,40.402,-16.125
255.5,6,61195,5.707,1.847,-0.701,99.122,40.532,-16.226
255.5,6.5,66637,6.631,1.852,-0.704,119.388,40.662,-16.327
255.5,7,72109,7.557,1.856,-0.707,139.719,40.792,-16.428
255.5,7.5,77610,8.485,1.86,-0.71,160.115,40.922,-16.529
255.5,8,83141,9.415,1.865,-0.713,180.576,41.052,-16.63
255.5,8.5,88700,10.347,1.869,-0.716,201.102,41.182,-16.731
255.5,9,94287,11.282,1.873,-0.719,221.693,41.312,-16.832
255.5,9.5,99904,12.218,1.877,-0.722,242.349,41.442,-16.933
255.5,10,105551,13.157,1.882,-0.726,263.07,41.572,-17.034
255.5,10.5,111229,14.098,1.886,-0.729,283.856,41.702,-17.135
255.5,11,116939,15.041,1.89,-0.732,304.707,41.832,-17.236
255.5,11.5,122683,15.986,1.895,-0.735,325.623,41.962,-17.337
255.5,12,128462,16.933,1.899,-0.738,346.604,42.092,-17.438
255.5,12.5,134277,17.883,1.903,-0.741,367.65,42.222,-17.539
255.5,13,140126,18.835,1.908,-0.744,388.761,42.352,-17.64
255.5,13.5,146002,19.788,1.912,-0.747,409.937,42.482,-17.741
255.5,14,151911,20.744,1.916,-0.75,431.178,42.612,-17.842
255.5,14.5,157849,21.702,1.92,-0.753,452.484,42.742,-17.943
255.5,15,163817,22.663,1.925,-0.757,473.855,42.872,-18.044
255.5,15.5,169812,23.625,1.929,-0.76,495.291,43.002,-18.145
255.5,16,175834,24.589,1.933,-0.763,516.792,43.132,-18.246
255.5,16.5,181880,25.556,1.938,-0.766,538.358,43.262,-18.347
255.5,17,187948,26.525,1.942,-0.769,559.989,43.392,-18.448
255.5,17.5,194030,27.496,1.946,-0.772,581.685,43.522,-18.549
255.5,18,200129,28.469,1.951,-0.775,603.446,43.652,-18.65
255.5,18.5,206249,29.444,1.955,-0.778,625.272,43.782,-18.751
255.5,19,212382,30.422,1.959,-0.781,647.163,43.912,-18.852
255.5,19.5,218522,31.401,1.963,-0.784,669.119,44.042,-18.953
255.5,20,224668,32.383,1.968,-0.788,691.14,44.172,-19.054
255.5,20.5,230825,33.367,1.972,-0.791,713.226,44.302,-19.155
241,2,19042,-1.643,2.413,-0.852,-81.8,67.065,-25.415
241,2.5,24140,-0.436,2.418,-0.855,-48.268,67.251,-25.557
241,3,29301,0.773,2.422,-0.858,-14.642,67.437,-25.699
241,3.5,34515,1.984,2.426,-0.861,19.077,67.623,-25.841
241,4,39775,3.197,2.431,-0.864,52.888,67.809,-25.983
241,4.5,45075,4.413,2.435,-0.868,86.793,67.995,-26.125
241,5,50413,5.63,2.439,-0.871,120.79,68.181,-26.267
241,5.5,55787,6.85,2.444,-0.874,154.881,68.367,-26.409
241,6,61195,8.071,2.448,-0.877,189.064,68.553,-26.551
241,6.5,66637,9.295,2.452,-0.88,223.341,68.739,-26.693
241,7,72109,10.521,2.456,-0.883,257.71,68.925,-26.835
241,7.5,77610,11.75,2.461,-0.886,292.173,69.111,-26.977
241,8,83141,12.98,2.465,-0.89,326.728,69.297,-27.119
241,8.5,88700,14.213,2.469,-0.893,361.377,69.483,-27.261
241,9,94287,15.447,2.474,-0.896,396.118,69.669,-27.403
241,9.5,99904,16.684,2.478,-0.899,430.953,69.855,-27.545
241,10,105551,17.923,2.482,-0.902,465.88,70.041,-27.687
241,10.5,111229,19.164,2.487,-0.905,500.901,70.227,-27.829
241,11,116939,20.407,2.491,-0.908,536.014,70.413,-27.971
241,11.5,122683,21.653,2.495,-0.912,571.221,70.599,-28.113
241,12,128462,22.9,2.499,-0.915,606.52,70.785,-28.255
241,12.5,134277,24.15,2.504,-0.918,641.913,70.971,-28.397
241,13,140126,25.402,2.508,-0.921,677.398,71.157,-28.539
241,13.5,146002,26.656,2.512,-0.924,712.977,71.343,-28.681
241,14,151911,27.912,2.517,-0.927,748.648,71.529,-28.823
241,14.5,157849,29.171,2.521,-0.931,784.413,71.715,-28.965
241,15,163817,30.431,2.525,-0.934,820.27,71.901,-29.107
241,15.5,169812,31.694,2.53,-0.937,856.221,72.087,-29.249
241,16,175834,32.958,2.534,-0.94,892.264,72.273,-29.391
241,16.5,181880,34.225,2.538,-0.943,928.401,72.459,-29.533
241,17,187948,35.494,2.542,-0.946,964.63,72.645,-29.675
241,17.5,194030,36.766,2.547,-0.949,1000.953,72.831,-29.817
241,18,200129,38.039,2.551,-0.953,1037.368,73.017,-29.959
241,18.5,206249,39.315,2.555,-0.956,1073.877,73.203,-30.101
241,19,212382,40.592,2.56,-0.959,1110.478,73.389,-30.243
241,19.5,218522,41.872,2.564,-0.962,1147.173,73.575,-30.385
241,20,224668,43.154,2.568,-0.965,1183.96,73.761,-30.527
241,20.5,230825,44.438,2.573,-0.968,1220.841,73.947,-30.669
226.5,2,19042,-1.655,3.015,-1,-103.238,102.489,-37.53
226.5,2.5,24140,-0.147,3.02,-1.003,-51.994,102.732,-37.713
226.5,3,29301,1.363,3.024,-1.007,-0.628,102.975,-37.896
226.5,3.5,34515,2.874,3.028,-1.01,50.859,103.218,-38.079
226.5,4,39775,4.389,3.033,-1.013,102.468,103.461,-38.262
226.5,4.5,45075,5.905,3.037,-1.016,154.198,103.704,-38.445
226.5,5,50413,7.424,3.042,-1.019,206.05,103.947,-38.628
226.5,5.5,55787,8.944,3.046,-1.022,258.023,104.19,-38.811
226.5,6,61195,10.467,3.05,-1.025,310.118,104.433,-38.994
226.5,6.5,66637,11.992,3.055,-1.029,362.334,104.676,-39.177
226.5,7,72109,13.52,3.059,-1.032,414.672,104.919,-39.36
226.5,7.5,77610,15.049,3.064,-1.035,467.131,105.162,-39.543
226.5,8,83141,16.581,3.068,-1.038,519.712,105.405,-39.726
226.5,8.5,88700,18.115,3.072,-1.041,572.414,105.648,-39.909
226.5,9,94287,19.651,3.077,-1.044,625.238,105.891,-40.092
226.5,9.5,99904,21.189,3.081,-1.047,678.183,106.134,-40.275
226.5,10,105551,22.73,3.086,-1.051,731.25,106.377,-40.458
226.5,10.5,111229,24.273,3.09,-1.054,784.438,106.62,-40.641
226.5,11,116939,25.818,3.094,-1.057,837.748,106.863,-40.824
226.5,11.5,122683,27.365,3.099,-1.06,891.179,107.106,-41.007
226.5,12,128462,28.914,3.103,-1.063,944.732,107.349,-41.19
226.5,12.5,134277,30.466,3.107,-1.066,998.406,107.592,-41.373
226.5,13,140126,32.02,3.112,-1.07,1052.202,107.835,-41.556
226.5,13.5,146002,33.575,3.116,-1.073,1106.119,108.078,-41.739
226.5,14,151911,35.134,3.121,-1.076,1160.158,108.321,-41.922
226.5,14.5,157849,36.694,3.125,-1.079,1214.318,108.564,-42.105
226.5,15,163817,38.257,3.129,-1.082,1268.6,108.807,-42.288
226.5,15.5,169812,39.821,3.134,-1.085,1323.003,109.05,-42.471
226.5,16,175834,41.388,3.138,-1.088,1377.528,109.293,-42.654
226.5,16.5,181880,42.957,3.143,-1.092,1432.174,109.536,-42.837
226.5,17,187948,44.529,3.147,-1.095,1486.942,109.779,-43.02
226.5,17.5,194030,46.102,3.152,-1.098,1541.831,110.022,-43.203
226.5,18,200129,47.678,3.156,-1.101,1596.842,110.265,-43.386
226.5,18.5,206249,49.256,3.16,-1.104,1651.974,110.508,-43.569
226.5,19,212382,50.836,3.165,-1.107,1707.228,110.751,-43.752
226.5,19.5,218522,52.418,3.169,-1.11,1762.603,110.994,-43.935
226.5,20,224668,54.003,3.173,-1.114,1818.1,111.237,-44.118
226.5,20.5,230825,55.59,3.178,-1.117,1873.718,111.48,-44.301
212,2,19042,-1.666,3.616,-1.121,-124.988,145.756,-51.399
212,2.5,24140,0.142,3.621,-1.124,-52.11,146.056,-51.623
212,3,29301,1.952,3.625,-1.127,20.918,146.356,-51.847
212,3.5,34515,3.765,3.63,-1.13,94.096,146.656,-52.071
212,4,39775,5.579,3.634,-1.133,167.424,146.956,-52.295
212,4.5,45075,7.396,3.638,-1.136,240.902,147.256,-52.519
212,5,50413,9.216,3.643,-1.14,314.53,147.556,-52.743
212,5.5,55787,11.037,3.647,-1.143,388.308,147.856,-52.967
212,6,61195,12.86,3.652,-1.146,462.236,148.156,-53.191
212,6.5,66637,14.686,3.656,-1.149,536.314,148.456,-53.415
212,7,72109,16.514,3.66,-1.152,610.542,148.756,-53.639
212,7.5,77610,18.344,3.665,-1.155,684.92,149.056,-53.863
212,8,83141,20.177,3.669,-1.159,759.448,149.356,-54.087
212,8.5,88700,22.011,3.673,-1.162,834.126,149.656,-54.311
212,9,94287,23.848,3.678,-1.165,908.954,149.956,-54.535
212,9.5,99904,25.687,3.682,-1.168,983.932,150.256,-54.759
212,10,105551,27.528,3.687,-1.171,1059.06,150.556,-54.983
212,10.5,111229,29.371,3.691,-1.174,1134.338,150.856,-55.207
212,11,116939,31.217,3.696,-1.177,1209.766,151.156,-55.431
212,11.5,122683,33.065,3.7,-1.181,1285.344,151.456,-55.655
212,12,128462,34.915,3.704,-1.184,1361.072,151.756,-55.879
212,12.5,134277,36.767,3.709,-1.187,1436.95,152.056,-56.103
212,13,140126,38.621,3.713,-1.19,1512.978,152.356,-56.327
212,13.5,146002,40.478,3.718,-1.193,1589.156,152.656,-56.551
212,14,151911,42.336,3.722,-1.196,1665.484,152.956,-56.775
212,14.5,157849,44.197,3.726,-1.199,1741.962,153.256,-56.999
212,15,163817,46.061,3.731,-1.203,1818.59,153.556,-57.223
212,15.5,169812,47.926,3.735,-1.206,1895.368,153.856,-57.447
212,16,175834,49.793,3.74,-1.209,1972.296,154.156,-57.671
212,16.5,181880,51.663,3.744,-1.212,2049.374,154.456,-57.895
212,17,187948,53.535,3.748,-1.215,2126.602,154.756,-58.119
212,17.5,194030,55.409,3.753,-1.218,2203.98,155.056,-58.343
212,18,200129,57.286,3.757,-1.222,2281.508,155.356,-58.567
212,18.5,206249,59.164,3.762,-1.225,2359.186,155.656,-58.791
212,19,212382,61.045,3.766,-1.228,2437.014,155.956,-59.015
212,19.5,218522,62.928,3.77,-1.231,2514.992,156.256,-59.239
212,20,224668,64.813,3.775,-1.234,2593.12,156.556,-59.463
212,20.5,230825,66.7,3.779,-1.237,2671.398,156.856,-59.687
197.5,2,19042,-1.679,4.218,-1.213,-147.042,196.874,-66.659
197.5,2.5,24140,0.43,4.222,-1.216,-48.605,197.232,-66.925
197.5,3,29301,2.541,4.227,-1.22,50.011,197.59,-67.19
197.5,3.5,34515,4.655,4.231,-1.223,148.806,197.948,-67.456
197.5,4,39775,6.77,4.236,-1.226,247.78,198.306,-67.721
197.5,4.5,45075,8.888,4.24,-1.229,346.933,198.664,-67.987
197.5,5,50413,11.009,4.245,-1.232,446.265,199.022,-68.252
197.5,5.5,55787,13.131,4.249,-1.235,545.776,199.38,-68.518
197.5,6,61195,15.256,4.254,-1.238,645.466,199.738,-68.783
197.5,6.5,66637,17.383,4.258,-1.242,745.335,200.096,-69.049
197.5,7,72109,19.512,4.263,-1.245,845.383,200.454,-69.314
197.5,7.5,77610,21.643,4.267,-1.248,945.61,200.812,-69.58
197.5,8,83141,23.777,4.272,-1.251,1046.016,201.17,-69.845
197.5,8.5,88700,25.913,4.276,-1.254,1146.601,201.528,-70.111
197.5,9,94287,28.051,4.281,-1.257,1247.365,201.886,-70.376
197.5,9.5,99904,30.191,4.285,-1.26,1348.308,202.244,-70.642
197.5,10,105551,32.334,4.29,-1.264,1449.43,202.602,-70.907
197.5,10.5,111229,34.479,4.294,-1.267,1550.731,202.96,-71.173
197.5,11,116939,36.626,4.299,-1.27,1652.211,203.318,-71.438
197.5,11.5,122683,38.776,4.303,-1.273,1753.87,203.676,-71.704
197.5,12,128462,40.927,4.308,-1.276,1855.708,204.034,-71.969
197.5,12.5,134277,43.081,4.312,-1.279,1957.725,204.392,-72.235
197.5,13,140126,45.237,4.317,-1.283,2059.921,204.75,-72.5
197.5,13.5,146002,47.396,4.321,-1.286,2162.296,205.108,-72.766
197.5,14,151911,49.556,4.326,-1.289,2264.85,205.466,-73.031
197.5,14.5,157849,51.719,4.33,-1.292,2367.583,205.824,-73.297
197.5,15,163817,53.885,4.335,-1.295,2470.495,206.182,-73.562
197.5,15.5,169812,56.052,4.339,-1.298,2573.586,206.54,-73.828
197.5,16,175834,58.222,4.344,-1.301,2676.856,206.898,-74.093
197.5,16.5,181880,60.394,4.348,-1.305,2780.305,207.256,-74.359
197.5,17,187948,62.568,4.353,-1.308,2883.933,207.614,-74.624
197.5,17.5,194030,64.744,4.357,-1.311,2987.74,207.972,-74.89
197.5,18,200129,66.923,4.362,-1.314,3091.726,208.33,-75.155
197.5,18.5,206249,69.104,4.366,-1.317,3195.891,208.688,-75.421
197.5,19,212382,71.287,4.371,-1.32,3300.235,209.046,-75.686
197.5,19.5,218522,73.472,4.375,-1.323,3404.758,209.404,-75.952
197.5,20,224668,75.66,4.38,-1.327,3509.46,209.762,-76.217
197.5,20.5,230825,77.85,4.384,-1.33,3614.341,210.12,-76.483
183,2,19042,-1.691,4.819,-1.278,-169.404,255.841,-82.944
183,2.5,24140,0.718,4.824,-1.281,-41.484,256.258,-83.251
183,3,29301,3.13,4.828,-1.284,86.645,256.675,-83.558
183,3.5,34515,5.544,4.833,-1.287,214.982,257.092,-83.865
183,4,39775,7.96,4.837,-1.291,343.528,257.509,-84.172
183,4.5,45075,10.379,4.842,-1.294,472.282,257.926,-84.479
183,5,50413,12.8,4.846,-1.297,601.245,258.343,-84.786
183,5.5,55787,15.223,4.851,-1.3,730.416,258.76,-85.093
183,6,61195,17.648,4.855,-1.303,859.796,259.177,-85.4
183,6.5,66637,20.075,4.86,-1.307,989.384,259.594,-85.707
183,7,72109,22.505,4.864,-1.31,1119.181,260.011,-86.014
183,7.5,77610,24.937,4.869,-1.313,1249.186,260.428,-86.321
183,8,83141,27.371,4.873,-1.316,1379.4,260.845,-86.628
183,8.5,88700,29.808,4.878,-1.319,1509.822,261.262,-86.935
183,9,94287,32.247,4.882,-1.323,1640.453,261.679,-87.242
183,9.5,99904,34.688,4.887,-1.326,1771.292,262.095,-87.549
183,10,105551,37.131,4.891,-1.329,1902.34,262.513,-87.856
183,10.5,111229,39.577,4.896,-1.332,2033.596,262.929,-88.163
183,11,116939,42.024,4.9,-1.335,2165.061,263.347,-88.47
183,11.5,122683,44.474,4.905,-1.339,2296.734,263.764,-88.777
183,12,128462,46.927,4.909,-1.342,2428.616,264.181,-89.084
183,12.5,134277,49.381,4.914,-1.345,2560.706,264.598,-89.391
183,13,140126,51.838,4.918,-1.348,2693.005,265.015,-89.698
183,13.5,146002,54.297,4.923,-1.351,2825.512,265.432,-90.005
183,14,151911,56.758,4.927,-1.355,2958.228,265.849,-90.312
183,14.5,157849,59.222,4.932,-1.358,3091.152,266.266,-90.619
183,15,163817,61.688,4.936,-1.361,3224.285,266.683,-90.926
183,15.5,169812,64.156,4.941,-1.364,3357.626,267.1,-91.233
183,16,175834,66.626,4.945,-1.367,3491.176,267.517,-91.54
183,16.5,181880,69.098,4.95,-1.371,3624.934,267.933,-91.847
183,17,187948,71.573,4.954,-1.374,3758.901,268.351,-92.154
183,17.5,194030,74.05,4.959,-1.377,3893.076,268.768,-92.461
183,18,200129,76.529,4.963,-1.38,4027.46,269.184,-92.768
183,18.5,206249,79.011,4.968,-1.383,4162.052,269.602,-93.075
183,19,212382,81.495,4.972,-1.387,4296.853,270.019,-93.382
183,19.5,218522,83.981,4.977,-1.39,4431.862,270.436,-93.689
183,20,224668,86.469,4.981,-1.393,4567.08,270.852,-93.996
183,20.5,230825,88.96,4.986,-1.396,4702.506,271.27,-94.303
168.5,2,19042,-1.701,5.421,-1.314,-191.068,322.656,-99.887
168.5,2.5,24140,1.009,5.426,-1.318,-29.74,323.132,-100.236
168.5,3,29301,3.722,5.431,-1.321,131.826,323.608,-100.584
168.5,3.5,34515,6.437,5.435,-1.324,293.63,324.084,-100.933
168.5,4,39775,9.155,5.44,-1.327,455.672,324.56,-101.281
168.5,4.5,45075,11.875,5.444,-1.33,617.952,325.036,-101.63
168.5,5,50413,14.597,5.449,-1.334,780.47,325.512,-101.978
168.5,5.5,55787,17.321,5.453,-1.337,943.226,325.988,-102.327
168.5,6,61195,20.048,5.458,-1.34,1106.22,326.464,-102.675
168.5,6.5,66637,22.777,5.463,-1.343,1269.452,326.94,-103.024
168.5,7,72109,25.509,5.467,-1.346,1432.922,327.416,-103.372
168.5,7.5,77610,28.242,5.472,-1.35,1596.63,327.892,-103.721
168.5,8,83141,30.978,5.476,-1.353,1760.576,328.368,-104.069
168.5,8.5,88700,33.716,5.481,-1.356,1924.76,328.844,-104.418
168.5,9,94287,36.457,5.486,-1.359,2089.182,329.32,-104.766
168.5,9.5,99904,39.2,5.49,-1.362,2253.842,329.796,-105.115
168.5,10,105551,41.945,5.495,-1.366,2418.74,330.272,-105.463
168.5,10.5,111229,44.692,5.5,-1.369,2583.876,330.748,-105.812
168.5,11,116939,47.442,5.504,-1.372,2749.25,331.224,-106.16
168.5,11.5,122683,50.194,5.509,-1.375,2914.862,331.7,-106.509
168.5,12,128462,52.949,5.513,-1.378,3080.712,332.176,-106.857
168.5,12.5,134277,55.705,5.518,-1.382,3246.8,332.652,-107.206
168.5,13,140126,58.464,5.523,-1.385,3413.126,333.128,-107.554
168.5,13.5,146002,61.225,5.527,-1.388,3579.69,333.604,-107.903
168.5,14,151911,63.989,5.532,-1.391,3746.492,334.08,-108.251
168.5,14.5,157849,66.755,5.536,-1.394,3913.532,334.556,-108.6
168.5,15,163817,69.523,5.541,-1.398,4080.81,335.032,-108.948
168.5,15.5,169812,72.293,5.546,-1.401,4248.326,335.508,-109.297
168.5,16,175834,75.066,5.55,-1.404,4416.08,335.984,-109.645
168.5,16.5,181880,77.841,5.555,-1.407,4584.072,336.46,-109.994
168.5,17,187948,80.619,5.559,-1.41,4752.302,336.936,-110.342
168.5,17.5,194030,83.398,5.564,-1.414,4920.77,337.412,-110.691
168.5,18,200129,86.18,5.569,-1.417,5089.476,337.888,-111.039
168.5,18.5,206249,88.964,5.573,-1.42,5258.42,338.364,-111.388
168.5,19,212382,91.751,5.578,-1.423,5427.602,338.84,-111.736
168.5,19.5,218522,94.54,5.582,-1.426,5597.022,339.316,-112.085
168.5,20,224668,97.331,5.587,-1.43,5766.68,339.792,-112.433
168.5,20.5,230825,100.124,5.592,-1.433,5936.576,340.268,-112.782
154,2,19042,-1.713,6.024,-1.323,-213.01,397.335,-117.122
154,2.5,24140,1.299,6.029,-1.326,-14.343,397.871,-117.512
154,3,29301,4.313,6.033,-1.329,184.593,398.407,-117.902
154,3.5,34515,7.33,6.038,-1.332,383.797,398.943,-118.292
154,4,39775,10.349,6.042,-1.336,583.268,399.479,-118.682
154,4.5,45075,13.37,6.047,-1.339,783.008,400.015,-119.072
154,5,50413,16.394,6.052,-1.342,983.015,400.551,-119.462
154,5.5,55787,19.419,6.056,-1.345,1183.291,401.087,-119.852
154,6,61195,22.447,6.061,-1.348,1383.834,401.623,-120.242
154,6.5,66637,25.478,6.065,-1.352,1584.646,402.159,-120.632
154,7,72109,28.511,6.07,-1.355,1785.725,402.695,-121.022
154,7.5,77610,31.546,6.075,-1.358,1987.073,403.231,-121.412
154,8,83141,34.583,6.079,-1.361,2188.688,403.767,-121.802
154,8.5,88700,37.622,6.084,-1.364,2390.572,404.303,-122.192
154,9,94287,40.664,6.088,-1.368,2592.723,404.839,-122.582
154,9.5,99904,43.709,6.093,-1.371,2795.143,405.375,-122.972
154,10,105551,46.755,6.098,-1.374,2997.83,405.911,-123.362
154,10.5,111229,49.804,6.102,-1.377,3200.786,406.447,-123.752
154,11,116939,52.855,6.107,-1.38,3404.009,406.983,-124.142
154,11.5,122683,55.908,6.111,-1.384,3607.501,407.519,-124.532
154,12,128462,58.964,6.116,-1.387,3811.26,408.055,-124.922
154,12.5,134277,62.022,6.121,-1.39,4015.288,408.591,-125.312
154,13,140126,65.082,6.125,-1.393,4219.583,409.127,-125.702
154,13.5,146002,68.145,6.13,-1.396,4424.147,409.663,-126.092
154,14,151911,71.21,6.134,-1.4,4628.978,410.199,-126.482
154,14.5,157849,74.277,6.139,-1.403,4834.078,410.735,-126.872
154,15,163817,77.347,6.144,-1.406,5039.445,411.271,-127.262
154,15.5,169812,80.418,6.148,-1.409,5245.081,411.807,-127.652
154,16,175834,83.492,6.153,-1.412,5450.984,412.343,-128.042
154,16.5,181880,86.569,6.157,-1.416,5657.156,412.879,-128.432
154,17,187948,89.648,6.162,-1.419,5863.595,413.415,-128.822
154,17.5,194030,92.729,6.167,-1.422,6070.303,413.951,-129.212
154,18,200129,95.812,6.171,-1.425,6277.278,414.487,-129.602
154,18.5,206249,98.897,6.176,-1.428,6484.522,415.023,-129.992
154,19,212382,101.985,6.18,-1.432,6692.033,415.559,-130.382
154,19.5,218522,105.076,6.185,-1.435,6899.813,416.095,-130.772
154,20,224668,108.168,6.19,-1.438,7107.86,416.631,-131.162
154,20.5,230825,111.263,6.194,-1.441,7316.176,417.167,-131.552
139.5,2,19042,-1.727,6.627,-1.303,-236.214,479.881,-134.284
139.5,2.5,24140,1.586,6.632,-1.306,3.726,480.476,-134.716
139.5,3,29301,4.902,6.636,-1.31,243.964,481.071,-135.147
139.5,3.5,34515,8.22,6.641,-1.313,484.499,481.666,-135.579
139.5,4,39775,11.54,6.645,-1.316,725.332,482.26,-136.01
139.5,4.5,45075,14.863,6.65,-1.319,966.462,482.856,-136.442
139.5,5,50413,18.188,6.654,-1.322,1207.89,483.451,-136.873
139.5,5.5,55787,21.515,6.659,-1.326,1449.615,484.045,-137.305
139.5,6,61195,24.844,6.663,-1.329,1691.638,484.641,-137.736
139.5,6.5,66637,28.175,6.668,-1.332,1933.958,485.236,-138.168
139.5,7,72109,31.509,6.672,-1.335,2176.576,485.831,-138.599
139.5,7.5,77610,34.845,6.677,-1.338,2419.491,486.425,-139.031
139.5,8,83141,38.183,6.681,-1.342,2662.704,487.021,-139.462
139.5,8.5,88700,41.524,6.686,-1.345,2906.214,487.615,-139.894
139.5,9,94287,44.867,6.69,-1.348,3150.022,488.211,-140.325
139.5,9.5,99904,48.212,6.695,-1.351,3394.127,488.806,-140.757
139.5,10,105551,51.559,6.699,-1.354,3638.53,489.401,-141.188
139.5,10.5,111229,54.909,6.704,-1.358,3883.23,489.996,-141.62
139.5,11,116939,58.26,6.708,-1.361,4128.228,490.591,-142.051
139.5,11.5,122683,61.614,6.713,-1.364,4373.523,491.186,-142.483
139.5,12,128462,64.971,6.717,-1.367,4619.116,491.78,-142.914
139.5,12.5,134277,68.329,6.722,-1.37,4865.006,492.376,-143.346
139.5,13,140126,71.69,6.726,-1.374,5111.194,492.971,-143.777
139.5,13.5,146002,75.053,6.731,-1.377,5357.679,493.565,-144.209
139.5,14,151911,78.418,6.735,-1.38,5604.462,494.161,-144.64
139.5,14.5,157849,81.786,6.74,-1.383,5851.542,494.756,-145.072
139.5,15,163817,85.156,6.744,-1.386,6098.92,495.35,-145.503
139.5,15.5,169812,88.528,6.749,-1.39,6346.595,495.946,-145.935
139.5,16,175834,91.902,6.753,-1.393,6594.568,496.54,-146.366
139.5,16.5,181880,95.278,6.758,-1.396,6842.838,497.136,-146.798
139.5,17,187948,98.657,6.762,-1.399,7091.406,497.731,-147.229
139.5,17.5,194030,102.038,6.767,-1.402,7340.271,498.325,-147.661
139.5,18,200129,105.421,6.771,-1.406,7589.434,498.921,-148.092
139.5,18.5,206249,108.807,6.776,-1.409,7838.894,499.516,-148.524
139.5,19,212382,112.195,6.78,-1.412,8088.652,500.11,-148.955
139.5,19.5,218522,115.585,6.785,-1.415,8338.707,500.706,-149.387
139.5,20,224668,118.977,6.789,-1.418,8589.06,501.301,-149.818
139.5,20.5,230825,122.372,6.794,-1.422,8839.71,501.895,-150.25
125,2,19042,-1.742,7.231,-1.255,-258.656,570.307,-151.008
125,2.5,24140,1.874,7.236,-1.259,26.498,570.961,-151.481
125,3,29301,5.492,7.24,-1.262,311.978,571.615,-151.954
125,3.5,34515,9.112,7.245,-1.265,597.786,572.269,-152.427
125,4,39775,12.734,7.249,-1.268,883.92,572.923,-152.9
125,4.5,45075,16.359,7.254,-1.271,1170.382,573.577,-153.373
125,5,50413,19.986,7.258,-1.275,1457.17,574.231,-153.846
125,5.5,55787,23.615,7.263,-1.278,1744.286,574.885,-154.319
125,6,61195,27.247,7.267,-1.281,2031.728,575.539,-154.792
125,6.5,66637,30.88,7.272,-1.284,2319.498,576.193,-155.265
125,7,72109,34.516,7.276,-1.287,2607.594,576.847,-155.738
125,7.5,77610,38.154,7.281,-1.291,2896.018,577.501,-156.211
125,8,83141,41.795,7.285,-1.294,3184.768,578.155,-156.684
125,8.5,88700,45.437,7.29,-1.297,3473.846,578.809,-157.157
125,9,94287,49.082,7.294,-1.3,3763.25,579.463,-157.63
125,9.5,99904,52.73,7.299,-1.303,4052.982,580.117,-158.103
125,10,105551,56.379,7.303,-1.307,4343.04,580.771,-158.576
125,10.5,111229,60.031,7.308,-1.31,4633.426,581.425,-159.049
125,11,116939,63.685,7.312,-1.313,4924.138,582.079,-159.522
125,11.5,122683,67.341,7.317,-1.316,5215.178,582.733,-159.995
125,12,128462,70.999,7.321,-1.319,5506.544,583.387,-160.468
125,12.5,134277,74.66,7.326,-1.323,5798.238,584.041,-160.941
125,13,140126,78.323,7.33,-1.326,6090.258,584.695,-161.414
125,13.5,146002,81.988,7.335,-1.329,6382.606,585.349,-161.887
125,14,151911,85.655,7.339,-1.332,6675.28,586.003,-162.36
125,14.5,157849,89.325,7.344,-1.335,6968.282,586.657,-162.833
125,15,163817,92.997,7.348,-1.339,7261.61,587.311,-163.306
125,15.5,169812,96.671,7.353,-1.342,7555.266,587.965,-163.779
125,16,175834,100.348,7.357,-1.345,7849.248,588.619,-164.252
125,16.5,181880,104.026,7.362,-1.348,8143.558,589.273,-164.725
125,17,187948,107.707,7.366,-1.351,8438.194,589.927,-165.198
125,17.5,194030,111.39,7.371,-1.355,8733.158,590.581,-165.671
125,18,200129,115.076,7.375,-1.358,9028.448,591.235,-166.144
125,18.5,206249,118.763,7.38,-1.361,9324.066,591.889,-166.617
125,19,212382,122.453,7.384,-1.364,9620.01,592.543,-167.09
125,19.5,218522,126.146,7.389,-1.367,9916.282,593.197,-167.563
125,20,224668,129.84,7.393,-1.371,10212.88,593.851,-168.036
125,20.5,230825,133.537,7.398,-1.374,10509.806,594.505,-168.509
110.5,2,19042,-1.752,7.837,-1.179,-281.314,668.623,-166.922
110.5,2.5,24140,2.166,7.841,-1.182,52.997,669.335,-167.437
110.5,3,29301,6.087,7.845,-1.186,387.665,670.047,-167.951
110.5,3.5,34515,10.009,7.85,-1.189,722.689,670.759,-168.466
110.5,4,39775,13.934,7.854,-1.192,1058.068,671.471,-168.98
110.5,4.5,45075,17.861,7.858,-1.195,1393.804,672.183,-169.495
110.5,5,50413,21.791,7.863,-1.198,1729.895,672.895,-170.009
110.5,5.5,55787,25.722,7.867,-1.202,2066.343,673.607,-170.524
110.5,6,61195,29.656,7.872,-1.205,2403.146,674.319,-171.038
110.5,6.5,66637,33.591,7.876,-1.208,2740.306,675.031,-171.553
110.5,7,72109,37.53,7.881,-1.211,3077.821,675.743,-172.067
110.5,7.5,77610,41.47,7.885,-1.214,3415.693,676.455,-172.582
110.5,8,83141,45.412,7.889,-1.218,3753.92,677.167,-173.096
110.5,8.5,88700,49.357,7.894,-1.221,4092.504,677.879,-173.611
110.5,9,94287,53.304,7.898,-1.224,4431.443,678.591,-174.125
110.5,9.5,99904,57.253,7.903,-1.227,4770.739,679.303,-174.64
110.5,10,105551,61.204,7.907,-1.23,5110.39,680.015,-175.154
110.5,10.5,111229,65.157,7.911,-1.234,5450.398,680.727,-175.669
110.5,11,116939,69.113,7.916,-1.237,5790.761,681.439,-176.183
110.5,11.5,122683,73.071,7.92,-1.24,6131.481,682.151,-176.698
110.5,12,128462,77.031,7.924,-1.243,6472.556,682.863,-177.212
110.5,12.5,134277,80.993,7.929,-1.246,6813.988,683.575,-177.727
110.5,13,140126,84.958,7.933,-1.25,7155.775,684.287,-178.241
110.5,13.5,146002,88.924,7.938,-1.253,7497.919,684.999,-178.756
110.5,14,151911,92.893,7.942,-1.256,7840.418,685.711,-179.27
110.5,14.5,157849,96.864,7.947,-1.259,8183.274,686.423,-179.785
110.5,15,163817,100.838,7.951,-1.262,8526.485,687.135,-180.299
110.5,15.5,169812,104.813,7.955,-1.266,8870.053,687.847,-180.814
110.5,16,175834,108.791,7.96,-1.269,9213.976,688.559,-181.328
110.5,16.5,181880,112.77,7.964,-1.272,9558.256,689.271,-181.843
110.5,17,187948,116.753,7.968,-1.275,9902.891,689.983,-182.357
110.5,17.5,194030,120.737,7.973,-1.278,10247.883,690.695,-182.872
110.5,18,200129,124.723,7.977,-1.282,10593.23,691.407,-183.386
110.5,18.5,206249,128.712,7.982,-1.285,10938.934,692.119,-183.901
110.5,19,212382,132.703,7.986,-1.288,11284.993,692.831,-184.415
110.5,19.5,218522,136.696,7.991,-1.291,11631.409,693.543,-184.93
110.5,20,224668,140.691,7.995,-1.294,11978.18,694.255,-185.444
110.5,20.5,230825,144.688,7.999,-1.298,12325.308,694.967,-185.959
96,2,19042,-1.792,8.442,-1.075,-304.164,774.841,-181.659
96,2.5,24140,2.429,8.446,-1.078,83.256,775.609,-182.216
96,3,29301,6.652,8.45,-1.081,471.061,776.379,-182.772
96,3.5,34515,10.877,8.455,-1.084,859.25,777.148,-183.329
96,4,39775,15.104,8.459,-1.088,1247.824,777.917,-183.885
96,4.5,45075,19.333,8.463,-1.091,1636.782,778.686,-184.442
96,5,50413,23.565,8.467,-1.094,2026.125,779.455,-184.998
96,5.5,55787,27.799,8.472,-1.097,2415.852,780.224,-185.555
96,6,61195,32.035,8.476,-1.1,2805.964,780.993,-186.111
96,6.5,66637,36.273,8.48,-1.104,3196.46,781.761,-186.668
96,7,72109,40.513,8.485,-1.107,3587.341,782.531,-187.224
96,7.5,77610,44.755,8.489,-1.11,3978.606,783.299,-187.781
96,8,83141,49,8.493,-1.113,4370.256,784.068,-188.337
96,8.5,88700,53.246,8.498,-1.116,4762.29,784.838,-188.894
96,9,94287,57.495,8.502,-1.12,5154.709,785.607,-189.45
96,9.5,99904,61.746,8.506,-1.123,5547.512,786.376,-190.007
96,10,105551,65.999,8.51,-1.126,5940.7,787.145,-190.563
96,10.5,111229,70.254,8.515,-1.129,6334.272,787.914,-191.12
96,11,116939,74.512,8.519,-1.132,6728.229,788.682,-191.676
96,11.5,122683,78.771,8.523,-1.136,7122.57,789.451,-192.233
96,12,128462,83.033,8.528,-1.139,7517.296,790.22,-192.789
96,12.5,134277,87.297,8.532,-1.142,7912.406,790.99,-193.346
96,13,140126,91.563,8.536,-1.145,8307.901,791.759,-193.902
96,13.5,146002,95.831,8.541,-1.148,8703.78,792.528,-194.459
96,14,151911,100.101,8.545,-1.152,9100.044,793.297,-195.015
96,14.5,157849,104.373,8.549,-1.155,9496.692,794.066,-195.572
96,15,163817,108.648,8.553,-1.158,9893.725,794.834,-196.128
96,15.5,169812,112.925,8.558,-1.161,10291.142,795.604,-196.685
96,16,175834,117.204,8.562,-1.164,10688.944,796.373,-197.241
96,16.5,181880,121.485,8.566,-1.168,11087.13,797.141,-197.798
96,17,187948,125.768,8.571,-1.171,11485.701,797.911,-198.354
96,17.5,194030,130.053,8.575,-1.174,11884.656,798.68,-198.911
96,18,200129,134.341,8.579,-1.177,12283.996,799.448,-199.467
96,18.5,206249,138.63,8.584,-1.18,12683.72,800.217,-200.024
96,19,212382,142.922,8.588,-1.184,13083.829,800.986,-200.58
96,19.5,218522,147.216,8.592,-1.187,13484.322,801.756,-201.137
96,20,224668,151.512,8.596,-1.19,13885.2,802.524,-201.693
96,20.5,230825,155.81,8.601,-1.193,14286.462,803.294,-202.25
81.5,2,19042,-1.959,9.043,-0.944,-328.254,888.938,-194.86
81.5,2.5,24140,2.562,9.047,-0.948,116.215,889.764,-195.458
81.5,3,29301,7.086,9.051,-0.951,561.097,890.59,-196.056
81.5,3.5,34515,11.611,9.056,-0.954,1006.392,891.416,-196.654
81.5,4,39775,16.139,9.06,-0.957,1452.1,892.242,-197.252
81.5,4.5,45075,20.669,9.065,-0.96,1898.221,893.068,-197.85
81.5,5,50413,25.202,9.069,-0.963,2344.755,893.894,-198.448
81.5,5.5,55787,29.736,9.073,-0.966,2791.702,894.72,-199.046
81.5,6,61195,34.273,9.078,-0.97,3239.062,895.546,-199.644
81.5,6.5,66637,38.811,9.082,-0.973,3686.835,896.372,-200.242
81.5,7,72109,43.353,9.087,-0.976,4135.021,897.198,-200.84
81.5,7.5,77610,47.896,9.091,-0.979,4583.62,898.024,-201.438
81.5,8,83141,52.441,9.095,-0.982,5032.632,898.85,-202.036
81.5,8.5,88700,56.989,9.1,-0.985,5482.057,899.676,-202.634
81.5,9,94287,61.539,9.104,-0.989,5931.895,900.502,-203.232
81.5,9.5,99904,66.091,9.108,-0.992,6382.146,901.328,-203.83
81.5,10,105551,70.645,9.113,-0.995,6832.81,902.154,-204.428
81.5,10.5,111229,75.201,9.117,-0.998,7283.887,902.98,-205.026
81.5,11,116939,79.76,9.122,-1.001,7735.377,903.806,-205.624
81.5,11.5,122683,84.321,9.126,-1.004,8187.28,904.632,-206.222
81.5,12,128462,88.884,9.13,-1.007,8639.596,905.458,-206.82
81.5,12.5,134277,93.449,9.135,-1.011,9092.325,906.284,-207.418
81.5,13,140126,98.017,9.139,-1.014,9545.467,907.11,-208.016
81.5,13.5,146002,102.586,9.144,-1.017,9999.022,907.936,-208.614
81.5,14,151911,107.158,9.148,-1.02,10452.99,908.762,-209.212
81.5,14.5,157849,111.732,9.153,-1.023,10907.371,909.588,-209.81
81.5,15,163817,116.309,9.157,-1.026,11362.165,910.414,-210.408
81.5,15.5,169812,120.887,9.161,-1.029,11817.372,911.24,-211.006
81.5,16,175834,125.468,9.166,-1.033,12272.992,912.066,-211.604
81.5,16.5,181880,130.05,9.17,-1.036,12729.025,912.892,-212.202
81.5,17,187948,134.636,9.175,-1.039,13185.471,913.718,-212.8
81.5,17.5,194030,139.223,9.179,-1.042,13642.33,914.544,-213.398
81.5,18,200129,143.812,9.183,-1.045,14099.602,915.37,-213.996
81.5,18.5,206249,148.404,9.188,-1.048,14557.287,916.196,-214.594
81.5,19,212382,152.998,9.192,-1.052,15015.385,917.022,-215.192
81.5,19.5,218522,157.594,9.196,-1.055,15473.896,917.848,-215.79
81.5,20,224668,162.192,9.201,-1.058,15932.82,918.674,-216.388
81.5,20.5,230825,166.792,9.205,-1.061,16392.157,919.5,-216.986
67,2,19042,-2.366,9.619,-0.796,-356.938,1010.754,-206.225
67,2.5,24140,2.444,9.625,-0.798,148.439,1011.643,-206.862
67,3,29301,7.256,9.631,-0.801,654.26,1012.532,-207.499
67,3.5,34515,12.071,9.636,-0.804,1160.526,1013.421,-208.136
67,4,39775,16.889,9.642,-0.807,1667.236,1014.31,-208.773
67,4.5,45075,21.71,9.647,-0.809,2174.391,1015.199,-209.41
67,5,50413,26.534,9.653,-0.812,2681.99,1016.088,-210.047
67,5.5,55787,31.361,9.659,-0.815,3190.034,1016.977,-210.684
67,6,61195,36.19,9.664,-0.818,3698.522,1017.866,-211.321
67,6.5,66637,41.022,9.67,-0.82,4207.455,1018.755,-211.958
67,7,72109,45.857,9.675,-0.823,4716.832,1019.644,-212.595
67,7.5,77610,50.695,9.681,-0.826,5226.654,1020.533,-213.232
67,8,83141,55.535,9.687,-0.828,5736.92,1021.422,-213.869
67,8.5,88700,60.378,9.692,-0.831,6247.631,1022.311,-214.506
67,9,94287,65.224,9.698,-0.834,6758.786,1023.2,-215.143
67,9.5,99904,70.073,9.703,-0.837,7270.386,1024.089,-215.78
67,10,105551,74.925,9.709,-0.84,7782.43,1024.978,-216.417
67,10.5,111229,79.78,9.715,-0.842,8294.919,1025.867,-217.054
67,11,116939,84.637,9.72,-0.845,8807.852,1026.756,-217.691
67,11.5,122683,89.497,9.726,-0.848,9321.23,1027.645,-218.328
67,12,128462,94.36,9.731,-0.85,9835.052,1028.534,-218.965
67,12.5,134277,99.226,9.737,-0.853,10349.319,1029.423,-219.602
67,13,140126,104.094,9.743,-0.856,10864.03,1030.312,-220.239
67,13.5,146002,108.965,9.748,-0.859,11379.186,1031.201,-220.876
67,14,151911,113.839,9.754,-0.862,11894.786,1032.089,-221.513
67,14.5,157849,118.716,9.759,-0.864,12410.831,1032.979,-222.15
67,15,163817,123.596,9.765,-0.867,12927.32,1033.868,-222.787
67,15.5,169812,128.479,9.771,-0.87,13444.254,1034.757,-223.424
67,16,175834,133.364,9.776,-0.873,13961.632,1035.646,-224.061
67,16.5,181880,138.252,9.782,-0.875,14479.455,1036.534,-224.698
67,17,187948,143.143,9.787,-0.878,14997.722,1037.424,-225.335
67,17.5,194030,148.037,9.793,-0.881,15516.434,1038.313,-225.972
67,18,200129,152.933,9.799,-0.884,16035.59,1039.202,-226.609
67,18.5,206249,157.832,9.804,-0.886,16555.191,1040.091,-227.246
67,19,212382,162.734,9.81,-0.889,17075.236,1040.979,-227.883
67,19.5,218522,167.639,9.815,-0.892,17595.726,1041.869,-228.52
67,20,224668,172.547,9.821,-0.895,18116.66,1042.758,-229.157
67,20.5,230825,177.458,9.827,-0.897,18638.039,1043.647,-229.794
52.5,2,19042,-2.976,10.116,-0.647,-391.608,1139.659,-215.619
52.5,2.5,24140,2.082,10.126,-0.648,178.221,1140.644,-216.284
52.5,3,29301,7.145,10.136,-0.649,748.543,1141.629,-216.949
52.5,3.5,34515,12.213,10.145,-0.65,1319.357,1142.614,-217.614
52.5,4,39775,17.285,10.155,-0.652,1890.664,1143.599,-218.279
52.5,4.5,45075,22.363,10.165,-0.653,2462.463,1144.584,-218.944
52.5,5,50413,27.446,10.175,-0.654,3034.755,1145.569,-219.609
52.5,5.5,55787,32.533,10.185,-0.656,3607.539,1146.554,-220.274
52.5,6,61195,37.625,10.194,-0.657,4180.816,1147.539,-220.939
52.5,6.5,66637,42.722,10.204,-0.658,4754.585,1148.524,-221.604
52.5,7,72109,47.825,10.214,-0.66,5328.847,1149.509,-222.269
52.5,7.5,77610,52.932,10.224,-0.661,5903.601,1150.494,-222.934
52.5,8,83141,58.043,10.234,-0.662,6478.848,1151.479,-223.599
52.5,8.5,88700,63.16,10.243,-0.663,7054.587,1152.464,-224.264
52.5,9,94287,68.282,10.253,-0.665,7630.819,1153.449,-224.929
52.5,9.5,99904,73.409,10.263,-0.666,8207.543,1154.434,-225.594
52.5,10,105551,78.54,10.273,-0.667,8784.76,1155.419,-226.259
52.5,10.5,111229,83.676,10.283,-0.669,9362.469,1156.404,-226.924
52.5,11,116939,88.818,10.292,-0.67,9940.671,1157.389,-227.589
52.5,11.5,122683,93.964,10.302,-0.671,10519.365,1158.374,-228.254
52.5,12,128462,99.115,10.312,-0.673,11098.552,1159.359,-228.919
52.5,12.5,134277,104.271,10.322,-0.674,11678.231,1160.344,-229.584
52.5,13,140126,109.432,10.332,-0.675,12258.403,1161.329,-230.249
52.5,13.5,146002,114.598,10.341,-0.677,12839.067,1162.314,-230.914
52.5,14,151911,119.768,10.351,-0.678,13420.224,1163.299,-231.579
52.5,14.5,157849,124.944,10.361,-0.679,14001.873,1164.284,-232.244
52.5,15,163817,130.125,10.371,-0.68,14584.015,1165.269,-232.909
52.5,15.5,169812,135.31,10.381,-0.682,15166.649,1166.254,-233.574
52.5,16,175834,140.5,10.39,-0.683,15749.776,1167.239,-234.239
52.5,16.5,181880,145.695,10.4,-0.684,16333.395,1168.224,-234.904
52.5,17,187948,150.896,10.41,-0.686,16917.507,1169.209,-235.569
52.5,17.5,194030,156.101,10.42,-0.687,17502.111,1170.194,-236.234
52.5,18,200129,161.31,10.43,-0.688,18087.208,1171.178,-236.899
52.5,18.5,206249,166.525,10.439,-0.69,18672.797,1172.164,-237.564
52.5,19,212382,171.745,10.449,-0.691,19258.879,1173.149,-238.229
52.5,19.5,218522,176.97,10.459,-0.692,19845.453,1174.134,-238.894
52.5,20,224668,182.199,10.469,-0.693,20432.52,1175.119,-239.559
52.5,20.5,230825,187.433,10.479,-0.695,21020.079,1176.104,-240.224
38,2,19042,-3.664,10.453,-0.529,-434.674,1274.083,-223.238
38,2.5,24140,1.563,10.473,-0.527,202.368,1275.251,-223.902
38,3,29301,6.799,10.492,-0.525,839.993,1276.419,-224.565
38,3.5,34515,12.045,10.511,-0.523,1478.203,1277.587,-225.229
38,4,39775,17.3,10.53,-0.521,2116.996,1278.755,-225.892
38,4.5,45075,22.566,10.55,-0.519,2756.374,1279.923,-226.556
38,5,50413,27.841,10.569,-0.517,3396.335,1281.091,-227.219
38,5.5,55787,33.125,10.588,-0.515,4036.881,1282.259,-227.883
38,6,61195,38.419,10.608,-0.513,4678.01,1283.427,-228.546
38,6.5,66637,43.723,10.627,-0.511,5319.724,1284.595,-229.21
38,7,72109,49.037,10.646,-0.509,5962.021,1285.763,-229.873
38,7.5,77610,54.36,10.666,-0.507,6604.903,1286.931,-230.537
38,8,83141,59.692,10.685,-0.505,7248.368,1288.099,-231.2
38,8.5,88700,65.035,10.704,-0.503,7892.418,1289.267,-231.864
38,9,94287,70.387,10.723,-0.501,8537.051,1290.435,-232.527
38,9.5,99904,75.749,10.743,-0.499,9182.269,1291.603,-233.191
38,10,105551,81.12,10.762,-0.497,9828.07,1292.771,-233.854
38,10.5,111229,86.501,10.781,-0.495,10474.456,1293.939,-234.518
38,11,116939,91.892,10.801,-0.493,11121.425,1295.107,-235.181
38,11.5,122683,97.292,10.82,-0.491,11768.979,1296.275,-235.845
38,12,128462,102.702,10.839,-0.49,12417.116,1297.443,-236.508
38,12.5,134277,108.122,10.859,-0.488,13065.838,1298.611,-237.172
38,13,140126,113.551,10.878,-0.486,13715.143,1299.779,-237.835
38,13.5,146002,118.99,10.897,-0.484,14365.033,1300.947,-238.499
38,14,151911,124.438,10.916,-0.482,15015.506,1302.115,-239.162
38,14.5,157849,129.897,10.936,-0.48,15666.564,1303.283,-239.826
38,15,163817,135.365,10.955,-0.478,16318.205,1304.451,-240.489
38,15.5,169812,140.842,10.974,-0.476,16970.431,1305.619,-241.153
38,16,175834,146.329,10.994,-0.474,17623.24,1306.787,-241.816
38,16.5,181880,151.826,11.013,-0.472,18276.634,1307.955,-242.48
38,17,187948,157.333,11.032,-0.47,18930.611,1309.123,-243.143
38,17.5,194030,162.849,11.052,-0.468,19585.173,1310.291,-243.806
38,18,200129,168.374,11.071,-0.466,20240.318,1311.459,-244.47
38,18.5,206249,173.91,11.09,-0.464,20896.048,1312.627,-245.134
38,19,212382,179.455,11.109,-0.462,21552.361,1313.795,-245.797
38,19.5,218522,185.01,11.129,-0.46,22209.259,1314.963,-246.461
38,20,224668,190.574,11.148,-0.458,22866.74,1316.131,-247.124
38,20.5,230825,196.148,11.167,-0.456,23524.806,1317.299,-247.788
